id,first_name,last_name,email,gender,ip_address
1,Gnni,Mourton,gmourton0@amazon.com,Female,47.124.205.97
2,Lucio,Paquet,lpaquet1@gov.uk,Male,98.92.52.144
3,Renell,Tregust,rtregust2@pinterest.com,Genderfluid,139.140.13.123
4,Ranice,Playhill,rplayhill3@ovh.net,Female,219.95.73.247
5,Nicolle,Altamirano,naltamirano4@i2i.jp,Female,73.78.28.203
6,Livy,Jeandeau,ljeandeau5@goodreads.com,Female,33.84.143.189
7,Caesar,Schmidt,cschmidt6@yahoo.co.jp,Male,146.228.105.218
8,Lora,Swains,lswains7@about.me,Female,101.128.232.32
9,Kendell,Pascall,kpascall8@economist.com,Male,128.41.66.183
10,Amalea,Klossmann,aklossmann9@youtube.com,Female,113.192.84.92
11,Gustaf,Fruchon,gfruchona@hc360.com,Male,25.176.62.247
12,Christye,Becconsall,cbecconsallb@prlog.org,Agender,143.72.35.250
13,Teodoro,Mathelon,tmathelonc@nytimes.com,Male,160.209.248.198
14,Fernando,Blaschek,fblaschekd@techcrunch.com,Male,72.62.159.45
15,Odell,Ribbon,oribbone@unesco.org,Male,88.181.217.204
16,Gayle,Pawelski,gpawelskif@51.la,Female,102.52.147.160
17,Karyl,Whitcher,kwhitcherg@earthlink.net,Female,233.61.23.157
18,Agnesse,Moodey,amoodeyh@soup.io,Female,108.208.152.156
19,Lutero,Petherick,lpethericki@hatena.ne.jp,Male,139.113.147.108
20,Fraser,Tredinnick,ftredinnickj@va.gov,Male,232.125.35.137
21,Colet,Gabriel,cgabrielk@icq.com,Polygender,31.47.192.107
22,Robbie,Dawson,rdawsonl@netlog.com,Female,248.230.248.0
23,Worthy,Maund,wmaundm@bbc.co.uk,Male,218.213.157.42
24,Milly,Barrasse,mbarrassen@quantcast.com,Female,62.219.189.71
25,Ira,Jankovic,ijankovico@microsoft.com,Female,77.77.155.82
26,Bel,Ullock,bullockp@friendfeed.com,Female,73.171.233.75
27,Emiline,Frizzell,efrizzellq@addtoany.com,Female,110.137.43.222
28,Oralla,Feuell,ofeuellr@dot.gov,Bigender,86.114.28.165
29,Rand,Goslin,rgoslins@spiegel.de,Male,201.229.4.124
30,Karen,Castagnasso,kcastagnassot@mozilla.org,Female,232.168.241.233
31,Trula,Batrop,tbatropu@latimes.com,Female,203.184.72.161
32,Reube,Ives,rivesv@tinyurl.com,Male,214.170.206.225
33,Kitti,Eccleston,kecclestonw@cnet.com,Female,74.120.56.227
34,Reed,Cowell,rcowellx@imdb.com,Male,74.223.231.194
35,Sheeree,Klarzynski,sklarzynskiy@stumbleupon.com,Female,242.64.93.61
36,Gradey,Spencook,gspencookz@indiegogo.com,Male,167.20.253.184
37,Shaughn,Tretwell,stretwell10@e-recht24.de,Male,250.202.246.61
38,Randy,Wayt,rwayt11@netvibes.com,Male,192.138.121.24
39,Portie,Parrish,pparrish12@ustream.tv,Male,34.251.18.170
40,Joseito,Maundrell,jmaundrell13@rakuten.co.jp,Male,227.132.94.156
41,Kirbie,McTrustam,kmctrustam14@princeton.edu,Female,32.60.217.136
42,Pyotr,Haburne,phaburne15@t-online.de,Male,151.72.193.216
43,Gabie,Queyeiro,gqueyeiro16@gov.uk,Male,224.85.116.226
44,Web,Airth,wairth17@livejournal.com,Male,128.203.170.36
45,Sherrie,Vinton,svinton18@loc.gov,Non-binary,166.247.211.128
46,Aguie,Boyles,aboyles19@privacy.gov.au,Male,221.196.49.83
47,Forester,Oleksinski,foleksinski1a@ovh.net,Male,184.177.59.164
48,Hatti,Severy,hsevery1b@shutterfly.com,Female,175.56.162.35
49,Casper,Cardenoso,ccardenoso1c@symantec.com,Male,123.183.204.22
50,Diannne,Langfitt,dlangfitt1d@biglobe.ne.jp,Bigender,148.122.142.131
51,Shanon,Bendan,sbendan1e@sciencedirect.com,Female,128.245.209.45
52,Marietta,Mainz,mmainz1f@yale.edu,Male,217.238.248.166
53,Ashleigh,Haire,ahaire1g@prlog.org,Polygender,175.238.24.223
54,Patrizia,Weldrake,pweldrake1h@weather.com,Female,76.139.243.229
55,Ric,Baigrie,rbaigrie1i@sciencedaily.com,Male,101.42.101.2
56,Shermie,Cratere,scratere1j@army.mil,Male,27.70.103.21
57,Brok,Fedoronko,bfedoronko1k@drupal.org,Male,77.92.91.156
58,Yelena,Goose,ygoose1l@unblog.fr,Female,209.173.45.82
59,Tabbitha,Roark,troark1m@shop-pro.jp,Female,197.28.213.76
60,Charla,Geroldi,cgeroldi1n@cam.ac.uk,Female,214.29.135.119
61,Loy,Wetherick,lwetherick1o@blinklist.com,Male,47.182.49.152
62,Corey,Tosh,ctosh1p@cbc.ca,Female,239.200.243.216
63,Adolphe,Gauford,agauford1q@blogspot.com,Male,79.53.237.83
64,Kinna,Jeffree,kjeffree1r@github.com,Female,129.227.156.247
65,Jard,Tribbeck,jtribbeck1s@netscape.com,Male,149.116.173.17
66,Barbra,Duddle,bduddle1t@php.net,Female,105.251.251.132
67,Gilberte,Willars,gwillars1u@people.com.cn,Female,58.244.233.253
68,Cirilo,Lissett,clissett1v@chron.com,Male,219.96.83.88
69,Amanda,Bruggeman,abruggeman1w@mail.ru,Female,191.7.134.55
70,Moe,Bertot,mbertot1x@issuu.com,Male,241.191.227.130
71,Douglass,Philo,dphilo1y@imdb.com,Male,190.63.193.200
72,Fernandina,Causby,fcausby1z@topsy.com,Female,9.216.166.117
73,Elberta,Giacomo,egiacomo20@i2i.jp,Female,23.109.64.241
74,Tadeo,Lakeland,tlakeland21@altervista.org,Male,194.88.241.120
75,Kattie,Eskriett,keskriett22@tripadvisor.com,Female,102.192.175.232
76,Kirstin,Maxstead,kmaxstead23@ow.ly,Female,208.166.156.45
77,Orrin,Hitcham,ohitcham24@samsung.com,Male,54.61.49.5
78,Gino,Cleveland,gcleveland25@skyrock.com,Male,181.99.51.189
79,Mersey,Hildred,mhildred26@slate.com,Female,22.129.95.71
80,Rivy,Ciric,rciric27@icq.com,Female,246.197.93.238
81,Reed,Peealess,rpeealess28@mlb.com,Male,193.158.129.225
82,Dorotea,Comellini,dcomellini29@weebly.com,Female,205.140.119.14
83,Nicol,Broune,nbroune2a@vkontakte.ru,Female,227.29.184.34
84,Erin,Groucock,egroucock2b@weebly.com,Female,178.210.231.197
85,Sal,Lattin,slattin2c@omniture.com,Male,83.51.229.95
86,Elsey,Dulwich,edulwich2d@vk.com,Female,79.45.18.169
87,Madelle,Bigby,mbigby2e@sun.com,Female,31.181.202.76
88,Halie,Baudone,hbaudone2f@so-net.ne.jp,Female,124.212.199.39
89,Yvette,Cobleigh,ycobleigh2g@rambler.ru,Female,94.7.99.30
90,Alexandra,Roser,aroser2h@symantec.com,Female,213.75.214.102
91,Melody,Gianilli,mgianilli2i@nifty.com,Female,59.1.227.3
92,Shoshanna,Piatti,spiatti2j@hugedomains.com,Female,129.150.233.78
93,Ricky,Ilem,rilem2k@bravesites.com,Female,3.135.52.88
94,Fifi,Foston,ffoston2l@prnewswire.com,Female,128.142.111.48
95,Pennie,Wilcox,pwilcox2m@ustream.tv,Male,46.214.243.251
96,Korie,Stut,kstut2n@cornell.edu,Female,206.54.172.127
97,Harwilll,Gaither,hgaither2o@hostgator.com,Male,158.144.111.2
98,Gar,Oret,goret2p@wp.com,Male,164.18.36.203
99,Reinaldos,Solomonides,rsolomonides2q@salon.com,Male,161.167.134.158
100,Lefty,Bea,lbea2r@altervista.org,Male,203.137.123.75
101,Roana,Leglise,rleglise2s@mediafire.com,Female,228.193.4.19
102,Eran,Jandera,ejandera2t@pen.io,Female,247.15.125.230
103,Reidar,McMeekin,rmcmeekin2u@stumbleupon.com,Male,109.189.245.82
104,Mendel,Oakenfall,moakenfall2v@loc.gov,Male,72.207.18.87
105,Wilburt,Blundell,wblundell2w@eepurl.com,Male,86.220.181.18
106,Natalee,Kief,nkief2x@simplemachines.org,Female,55.227.184.251
107,Frannie,Fulleylove,ffulleylove2y@walmart.com,Male,195.184.67.94
108,Karissa,Brumby,kbrumby2z@constantcontact.com,Genderqueer,242.230.203.112
109,Crysta,Wainscot,cwainscot30@facebook.com,Female,237.42.177.195
110,Andriana,Dowles,adowles31@walmart.com,Female,141.37.101.83
111,Mel,Cordaroy,mcordaroy32@eepurl.com,Male,183.220.92.188
112,Rem,Larvin,rlarvin33@livejournal.com,Genderqueer,243.18.250.135
113,Sigfried,Mell,smell34@uiuc.edu,Male,107.118.131.187
114,Brucie,Skevington,bskevington35@liveinternet.ru,Male,252.153.128.229
115,Finlay,Rohmer,frohmer36@ycombinator.com,Male,69.2.182.233
116,Grayce,Skittrell,gskittrell37@home.pl,Female,124.95.162.30
117,Emilie,Dranfield,edranfield38@tumblr.com,Female,111.125.14.106
118,Felike,Tipperton,ftipperton39@wunderground.com,Male,123.233.229.53
119,Alvira,Lovegrove,alovegrove3a@aboutads.info,Female,62.67.244.181
120,Mina,Fiske,mfiske3b@weebly.com,Female,27.183.74.189
121,Harlie,Durrell,hdurrell3c@example.com,Female,132.225.161.189
122,Mitchell,Whitrod,mwhitrod3d@howstuffworks.com,Male,24.160.6.180
123,Tiffani,Bromidge,tbromidge3e@bloglines.com,Female,135.212.147.40
124,Pablo,Parsonage,pparsonage3f@cnet.com,Male,231.236.67.205
125,Rawley,Mitchelhill,rmitchelhill3g@earthlink.net,Male,178.133.75.6
126,Gerald,Oldacres,goldacres3h@t-online.de,Male,57.79.191.96
127,Wallas,Croizier,wcroizier3i@cdbaby.com,Male,232.240.42.176
128,Jeanette,Pirson,jpirson3j@army.mil,Female,110.46.156.130
129,Allyn,Jeromson,ajeromson3k@scientificamerican.com,Male,232.129.52.149
130,Brittni,D'Andrea,bdandrea3l@elegantthemes.com,Female,247.116.95.34
131,Audrie,Gookes,agookes3m@disqus.com,Female,140.221.173.55
132,Sheff,Ceschelli,sceschelli3n@netvibes.com,Male,28.220.222.88
133,Vasily,Lody,vlody3o@salon.com,Male,117.233.206.6
134,Chico,Hubbert,chubbert3p@exblog.jp,Male,165.214.118.115
135,Yancey,Redmain,yredmain3q@taobao.com,Male,240.212.185.219
136,Darcie,Banasevich,dbanasevich3r@washingtonpost.com,Female,137.73.118.178
137,Artemas,de Juares,adejuares3s@barnesandnoble.com,Male,75.249.183.40
138,Essy,Dobrowski,edobrowski3t@1688.com,Female,114.71.188.180
139,Chloris,de Clerq,cdeclerq3u@alexa.com,Female,90.185.84.253
140,Haze,Imesen,himesen3v@lulu.com,Male,113.244.107.100
141,Teodor,Henrion,thenrion3w@wunderground.com,Male,107.156.23.152
142,Wheeler,Smittoune,wsmittoune3x@gnu.org,Male,244.236.110.129
143,Tiebold,Merigon,tmerigon3y@blogspot.com,Male,51.187.153.37
144,Agnesse,Yashnov,ayashnov3z@quantcast.com,Female,3.148.185.21
145,Elysee,Reichhardt,ereichhardt40@simplemachines.org,Female,40.198.29.36
146,Blisse,Lillee,blillee41@wiley.com,Female,24.8.209.249
147,Sheila-kathryn,Duignan,sduignan42@phpbb.com,Female,23.8.203.34
148,Clint,McConigal,cmcconigal43@tmall.com,Male,27.114.101.0
149,Winslow,Hayhurst,whayhurst44@google.de,Male,42.105.64.8
150,Saudra,Tomsen,stomsen45@statcounter.com,Female,42.214.125.19
151,Webster,Meardon,wmeardon46@technorati.com,Male,141.145.64.94
152,Alejandra,Earney,aearney47@blog.com,Female,190.178.23.159
153,Stefanie,Rosenstock,srosenstock48@cdc.gov,Female,242.198.26.243
154,Jecho,Firle,jfirle49@bizjournals.com,Male,138.22.59.32
155,Leonhard,Glencrosche,lglencrosche4a@mayoclinic.com,Genderqueer,217.71.67.68
156,Mariann,Coultass,mcoultass4b@youtu.be,Female,114.44.48.57
157,Kermit,Cowle,kcowle4c@sfgate.com,Male,239.73.29.132
158,Obadiah,Craigs,ocraigs4d@blog.com,Male,71.121.131.165
159,Jeana,Tabrett,jtabrett4e@fema.gov,Non-binary,130.126.178.93
160,Helene,Oakey,hoakey4f@google.com.hk,Female,252.167.224.179
161,Ardyce,Wimpey,awimpey4g@over-blog.com,Female,162.135.36.109
162,Jaquelin,Cheesley,jcheesley4h@ucoz.ru,Genderqueer,18.116.140.227
163,Barbette,Baise,bbaise4i@ovh.net,Female,27.171.12.62
164,Sheba,Barnby,sbarnby4j@constantcontact.com,Female,22.161.23.191
165,Kimball,Austins,kaustins4k@usatoday.com,Male,38.129.29.140
166,Warren,Ducker,wducker4l@tripod.com,Polygender,110.229.151.77
167,Cyrillus,Stuke,cstuke4m@sohu.com,Male,174.2.70.76
168,Codie,Tabourel,ctabourel4n@weather.com,Female,47.9.75.149
169,Winthrop,Ellse,wellse4o@ihg.com,Male,174.174.127.149
170,Quincey,McCoy,qmccoy4p@cam.ac.uk,Male,72.192.86.61
171,Murry,Ferrai,mferrai4q@weibo.com,Male,205.140.28.192
172,Giavani,McHugh,gmchugh4r@webs.com,Male,206.35.158.51
173,Gabbi,Dmych,gdmych4s@deliciousdays.com,Female,135.234.213.71
174,Kristoffer,Brownsea,kbrownsea4t@gizmodo.com,Genderfluid,159.190.253.194
175,Prentice,Josephson,pjosephson4u@elegantthemes.com,Male,22.207.187.217
176,Karel,Cresswell,kcresswell4v@wikia.com,Male,163.174.213.220
177,Brod,Wallage,bwallage4w@surveymonkey.com,Male,88.222.179.232
178,Tiena,Tree,ttree4x@elpais.com,Female,239.130.28.55
179,Gabbie,Antos,gantos4y@quantcast.com,Male,94.106.222.4
180,Weider,Such,wsuch4z@fotki.com,Male,36.180.230.71
181,Lyndell,Bestar,lbestar50@google.com,Non-binary,173.230.222.160
182,Antoinette,Armell,aarmell51@studiopress.com,Female,209.1.227.254
183,Seamus,Welton,swelton52@adobe.com,Male,164.24.156.173
184,Anetta,Kenford,akenford53@mit.edu,Female,223.38.46.139
185,Arleta,Matula,amatula54@businessweek.com,Female,29.174.62.133
186,Larissa,Obert,lobert55@g.co,Female,99.55.95.224
187,Farlee,Martensen,fmartensen56@live.com,Non-binary,203.53.167.105
188,Anatollo,Canas,acanas57@mozilla.com,Male,239.68.135.71
189,Marlowe,Lawling,mlawling58@google.co.jp,Male,247.70.115.44
190,Josy,Bott,jbott59@rambler.ru,Female,107.121.33.173
191,Wayland,Dowber,wdowber5a@guardian.co.uk,Male,98.106.198.79
192,Tedman,Ramble,tramble5b@discovery.com,Male,188.79.8.205
193,Rochester,Son,rson5c@mashable.com,Male,103.9.136.150
194,Dexter,Devine,ddevine5d@shutterfly.com,Male,102.52.104.71
195,Kacy,Towsey,ktowsey5e@stumbleupon.com,Female,225.240.30.31
196,Alexina,Coulsen,acoulsen5f@apache.org,Agender,16.242.29.20
197,Westbrooke,Volkes,wvolkes5g@liveinternet.ru,Male,104.138.178.166
198,Sal,Joist,sjoist5h@earthlink.net,Male,61.185.57.11
199,Wadsworth,Grigs,wgrigs5i@sourceforge.net,Male,152.198.182.38
200,Shurwood,Alabaster,salabaster5j@ocn.ne.jp,Male,181.138.219.105
201,Dmitri,Izatt,dizatt5k@skyrock.com,Male,126.137.156.161
202,Stillmann,Semiraz,ssemiraz5l@amazon.co.jp,Male,227.11.1.98
203,Gearard,Hamley,ghamley5m@mapy.cz,Male,118.201.125.38
204,Ignacio,Rickis,irickis5n@angelfire.com,Bigender,151.235.68.224
205,Kristos,Cleevely,kcleevely5o@creativecommons.org,Male,84.131.58.54
206,Chet,Valentine,cvalentine5p@utexas.edu,Male,75.223.52.198
207,Dolli,Addess,daddess5q@foxnews.com,Female,203.172.59.165
208,Redford,Sackes,rsackes5r@free.fr,Male,38.22.216.248
209,Iseabal,Lamprecht,ilamprecht5s@cbslocal.com,Female,252.23.231.108
210,Nicholas,Bartolic,nbartolic5t@ehow.com,Male,99.229.74.243
211,Conrade,Alabone,calabone5u@constantcontact.com,Male,116.201.43.249
212,Judon,Colum,jcolum5v@rambler.ru,Genderfluid,122.109.167.21
213,Cchaddie,Kose,ckose5w@elpais.com,Male,221.36.135.143
214,Merrily,Briggdale,mbriggdale5x@soundcloud.com,Polygender,74.126.242.43
215,Ynes,Durnell,ydurnell5y@rediff.com,Female,86.18.187.96
216,Leontyne,Hillin,lhillin5z@toplist.cz,Female,191.180.53.141
217,Sigismond,Edgar,sedgar60@ebay.co.uk,Male,26.74.140.162
218,Corena,Loughrey,cloughrey61@eepurl.com,Female,104.222.89.103
219,Regina,Beaumont,rbeaumont62@vistaprint.com,Female,176.75.120.228
220,Ottilie,Ivankin,oivankin63@unc.edu,Female,183.203.212.72
221,Daveen,Kasper,dkasper64@huffingtonpost.com,Female,4.227.112.111
222,Orville,Howieson,ohowieson65@tuttocitta.it,Male,66.13.104.101
223,Winifield,Wroe,wwroe66@bluehost.com,Male,106.255.143.34
224,Antone,Thackston,athackston67@ifeng.com,Male,29.31.101.80
225,Taylor,Jendrys,tjendrys68@whitehouse.gov,Bigender,161.205.239.65
226,Rikki,Brenstuhl,rbrenstuhl69@vinaora.com,Male,176.239.53.236
227,Georgetta,Comini,gcomini6a@blogger.com,Female,55.115.115.187
228,Sadye,Gregoire,sgregoire6b@cnbc.com,Female,220.157.107.249
229,Angus,McCard,amccard6c@oakley.com,Male,58.128.191.94
230,Darrin,O'Longain,dolongain6d@chron.com,Male,50.251.173.249
231,Talbert,Cratchley,tcratchley6e@behance.net,Male,229.131.177.147
232,Lindsay,Cheeke,lcheeke6f@xing.com,Female,15.104.247.181
233,Valeda,Brotherhed,vbrotherhed6g@google.co.jp,Female,131.251.48.185
234,Misti,Kretschmer,mkretschmer6h@google.co.jp,Female,139.162.40.194
235,Andriette,Ferraron,aferraron6i@unicef.org,Genderfluid,155.115.232.51
236,Annabell,Merner,amerner6j@amazonaws.com,Female,32.173.71.253
237,Guillema,Paeckmeyer,gpaeckmeyer6k@jugem.jp,Female,232.32.210.45
238,Mariejeanne,Bayliss,mbayliss6l@reverbnation.com,Female,236.179.178.3
239,Dane,Purselowe,dpurselowe6m@berkeley.edu,Male,75.45.136.211
240,Nolly,Fairfoul,nfairfoul6n@sourceforge.net,Genderqueer,34.48.118.30
241,Hugibert,Hodgets,hhodgets6o@amazon.de,Male,165.122.33.111
242,Annora,Hallard,ahallard6p@google.ca,Female,45.92.195.162
243,Natalee,Lyster,nlyster6q@addtoany.com,Female,218.179.102.209
244,Foss,Matuszewski,fmatuszewski6r@usgs.gov,Male,36.72.78.156
245,Tabb,Sneath,tsneath6s@mozilla.org,Male,202.105.245.175
246,Nathaniel,Kaaskooper,nkaaskooper6t@purevolume.com,Male,78.76.38.137
247,Lacey,Suermeier,lsuermeier6u@mit.edu,Female,195.164.195.69
248,Jayson,Mucci,jmucci6v@omniture.com,Male,189.105.42.248
249,Mano,Arson,marson6w@friendfeed.com,Male,50.200.191.143
250,Kimberlee,Champkin,kchampkin6x@etsy.com,Female,106.218.200.153
251,Stephan,Forster,sforster6y@techcrunch.com,Male,22.138.175.218
252,Odell,Mibourne,omibourne6z@bing.com,Male,186.123.9.241
253,Skye,Cornilli,scornilli70@simplemachines.org,Male,207.65.243.226
254,Jammie,Housiaux,jhousiaux71@discovery.com,Female,6.160.71.62
255,Maddie,Smails,msmails72@telegraph.co.uk,Female,249.229.241.182
256,Frasier,Ruggieri,fruggieri73@vistaprint.com,Male,72.106.104.78
257,Brietta,Cranke,bcranke74@census.gov,Female,50.2.122.43
258,June,Bellie,jbellie75@vimeo.com,Female,63.176.192.125
259,Sheilakathryn,Henrionot,shenrionot76@smh.com.au,Female,71.35.187.19
260,Lloyd,Krug,lkrug77@livejournal.com,Male,95.199.231.63
261,Mallissa,Featherstonhaugh,mfeatherstonhaugh78@adobe.com,Female,34.117.146.118
262,Valene,Nowick,vnowick79@discovery.com,Female,156.229.142.11
263,Zebedee,Boerder,zboerder7a@yahoo.co.jp,Male,18.24.26.222
264,Marcelia,Caldayrou,mcaldayrou7b@ebay.co.uk,Female,29.228.69.151
265,Sabra,Kach,skach7c@wunderground.com,Female,77.30.252.119
266,Letitia,Broggio,lbroggio7d@census.gov,Female,245.59.73.88
267,Barnabe,McAne,bmcane7e@ning.com,Male,155.168.218.236
268,Delcina,Medling,dmedling7f@google.ru,Female,149.76.255.92
269,Dierdre,Crathern,dcrathern7g@jugem.jp,Female,200.171.248.193
270,Derk,Stutte,dstutte7h@tmall.com,Male,142.38.61.204
271,Lorita,De Clairmont,ldeclairmont7i@craigslist.org,Female,240.39.22.149
272,Caitlin,Meric,cmeric7j@diigo.com,Female,235.162.108.95
273,Carling,Dabbs,cdabbs7k@senate.gov,Male,61.63.247.13
274,Lyndsay,Maskell,lmaskell7l@joomla.org,Female,94.255.107.0
275,Carmella,Parnell,cparnell7m@google.nl,Female,152.220.120.227
276,Nathalia,Brignell,nbrignell7n@delicious.com,Female,59.179.198.62
277,Alexander,Ridgway,aridgway7o@wikimedia.org,Male,1.186.84.232
278,Kessiah,Curle,kcurle7p@sohu.com,Female,235.45.185.42
279,Hercule,Fyldes,hfyldes7q@alibaba.com,Male,128.232.219.70
280,Corny,Flint,cflint7r@hatena.ne.jp,Female,221.178.64.17
281,Ddene,Happer,dhapper7s@columbia.edu,Female,15.35.140.242
282,Reginauld,Moreinis,rmoreinis7t@amazon.co.uk,Male,40.137.15.119
283,Zacharias,Tommeo,ztommeo7u@artisteer.com,Male,168.28.14.160
284,Matthus,Barkway,mbarkway7v@sakura.ne.jp,Male,184.241.213.217
285,Kiri,Dimnage,kdimnage7w@dyndns.org,Female,57.236.163.120
286,Clint,Manjin,cmanjin7x@forbes.com,Male,129.138.143.155
287,Hester,Glantz,hglantz7y@discuz.net,Female,46.36.236.23
288,Karole,Westman,kwestman7z@hc360.com,Female,45.238.219.71
289,Shea,Caspell,scaspell80@ihg.com,Female,66.36.82.191
290,Cody,Vineall,cvineall81@ameblo.jp,Female,128.119.248.123
291,Jobey,Shine,jshine82@paginegialle.it,Female,51.236.201.218
292,Jone,Purchase,jpurchase83@uol.com.br,Polygender,47.210.91.250
293,Paulita,Neath,pneath84@blogger.com,Female,221.122.27.188
294,Birgit,Putten,bputten85@ameblo.jp,Bigender,92.38.243.165
295,Robinetta,Briddle,rbriddle86@jimdo.com,Female,198.27.100.88
296,Torre,Mohring,tmohring87@tinypic.com,Male,21.134.247.207
297,Tonnie,Bollin,tbollin88@cpanel.net,Male,112.27.156.61
298,Killian,Hansmann,khansmann89@jugem.jp,Male,179.159.129.216
299,Myriam,Scoyles,mscoyles8a@comsenz.com,Female,155.204.239.13
300,Shoshana,Cockren,scockren8b@addthis.com,Female,244.58.140.239
301,Waverley,Engelbrecht,wengelbrecht8c@ftc.gov,Male,121.178.133.116
302,Micheline,Low,mlow8d@springer.com,Female,245.130.252.168
303,Vikky,Pontefract,vpontefract8e@rediff.com,Female,72.49.254.30
304,Barnaby,Stollwerk,bstollwerk8f@biblegateway.com,Male,11.215.79.35
305,Colin,Gunn,cgunn8g@themeforest.net,Male,188.247.114.208
306,Lotta,Gilburt,lgilburt8h@oaic.gov.au,Female,52.105.52.12
307,Cairistiona,Jacmar,cjacmar8i@liveinternet.ru,Female,224.42.45.65
308,Anastasie,Mercy,amercy8j@bloglovin.com,Female,171.46.225.136
309,Mord,Inde,minde8k@harvard.edu,Male,116.28.99.39
310,Base,Bjorkan,bbjorkan8l@mysql.com,Male,112.141.151.129
311,Janeen,Tripony,jtripony8m@slideshare.net,Polygender,196.241.102.83
312,Ezequiel,Copley,ecopley8n@vimeo.com,Male,61.7.156.171
313,Raimund,Gregersen,rgregersen8o@example.com,Male,144.103.125.35
314,Aleksandr,Lambillion,alambillion8p@chron.com,Male,181.191.154.171
315,Teddy,Vasilov,tvasilov8q@oaic.gov.au,Male,40.235.97.64
316,Jerrold,Padberry,jpadberry8r@hubpages.com,Male,242.38.51.94
317,Rozele,McMeekan,rmcmeekan8s@chicagotribune.com,Bigender,75.73.153.162
318,Jonas,Chad,jchad8t@hubpages.com,Male,99.68.103.236
319,Inness,Fraser,ifraser8u@multiply.com,Male,175.211.22.141
320,Ilario,Follen,ifollen8v@booking.com,Male,25.156.3.48
321,Ashia,Matthai,amatthai8w@miibeian.gov.cn,Agender,241.234.184.215
322,Kevon,Pavlovic,kpavlovic8x@nhs.uk,Polygender,162.3.232.2
323,Domeniga,Jachimczak,djachimczak8y@technorati.com,Female,150.51.124.158
324,Ilaire,Berston,iberston8z@disqus.com,Male,7.207.11.212
325,Augusta,Orrum,aorrum90@ca.gov,Female,44.72.182.250
326,Sofia,Corkett,scorkett91@accuweather.com,Female,216.129.122.139
327,Lee,Bisterfeld,lbisterfeld92@baidu.com,Male,150.169.108.252
328,Kalie,Oliveras,koliveras93@vistaprint.com,Female,18.77.52.170
329,Augustus,Shanahan,ashanahan94@nydailynews.com,Male,120.252.106.235
330,Merlina,Boshell,mboshell95@icq.com,Female,20.135.9.98
331,Lurline,Bartoletti,lbartoletti96@clickbank.net,Female,27.139.123.109
332,Norbie,Mougenel,nmougenel97@usgs.gov,Male,4.55.222.214
333,Dody,Gauge,dgauge98@homestead.com,Agender,60.11.238.134
334,Erik,Conrad,econrad99@si.edu,Male,106.188.159.102
335,Lorene,Whyke,lwhyke9a@last.fm,Female,115.98.193.2
336,Loren,Soloway,lsoloway9b@exblog.jp,Female,123.209.244.70
337,Meagan,Harner,mharner9c@usnews.com,Female,115.9.156.211
338,Nevin,Clubbe,nclubbe9d@hugedomains.com,Male,167.245.167.211
339,Tedie,Maffy,tmaffy9e@taobao.com,Male,6.252.87.50
340,Ellynn,Saunders,esaunders9f@xinhuanet.com,Female,171.6.225.163
341,Rania,Dummer,rdummer9g@devhub.com,Female,173.64.93.131
342,Terri,Kauscher,tkauscher9h@zdnet.com,Male,247.243.101.1
343,Mamie,Philo,mphilo9i@noaa.gov,Non-binary,224.9.136.97
344,Wyn,Groveham,wgroveham9j@wsj.com,Male,70.135.48.31
345,Ryon,Cammoile,rcammoile9k@desdev.cn,Male,180.150.47.4
346,Onfre,Risbridger,orisbridger9l@desdev.cn,Polygender,116.91.164.233
347,Angel,Pattullo,apattullo9m@devhub.com,Male,160.84.93.220
348,Aldridge,Friel,afriel9n@weibo.com,Male,202.185.89.119
349,Abey,Peyto,apeyto9o@facebook.com,Male,167.161.214.33
350,Elvyn,O'Spellissey,eospellissey9p@webs.com,Polygender,65.249.189.18
351,Dulci,Chelnam,dchelnam9q@gov.uk,Non-binary,101.188.247.231
352,Noam,Lott,nlott9r@t-online.de,Male,100.139.137.60
353,Brittney,Loughead,bloughead9s@ifeng.com,Female,217.223.165.221
354,Mayor,Florentine,mflorentine9t@dion.ne.jp,Male,172.240.170.106
355,Farrel,Ohanessian,fohanessian9u@tamu.edu,Male,200.190.203.140
356,Vic,Keam,vkeam9v@sciencedaily.com,Male,158.244.6.199
357,Mahmud,Aindrais,maindrais9w@intel.com,Male,76.175.130.213
358,Gilberto,Everill,geverill9x@about.com,Male,59.55.108.87
359,Annette,Ebden,aebden9y@washingtonpost.com,Female,217.4.164.61
360,Massimiliano,Prestland,mprestland9z@businessweek.com,Male,249.130.80.71
361,Rozina,Scotchbrook,rscotchbrooka0@google.ru,Female,213.121.97.199
362,Berkly,Garham,bgarhama1@moonfruit.com,Male,180.170.141.105
363,Rudiger,Gludor,rgludora2@technorati.com,Male,148.98.1.118
364,Temple,Chesterfield,tchesterfielda3@ibm.com,Polygender,116.180.68.213
365,Giorgi,Rippon,grippona4@narod.ru,Male,48.177.252.20
366,Artemus,Venner,avennera5@mashable.com,Genderfluid,10.21.200.159
367,Barnabas,Bassett,bbassetta6@t-online.de,Male,148.48.196.4
368,Giulio,Tubbs,gtubbsa7@psu.edu,Male,218.204.231.90
369,Adler,Hryncewicz,ahryncewicza8@123-reg.co.uk,Male,108.213.130.83
370,Pace,Yeliashev,pyeliasheva9@virginia.edu,Male,114.164.149.80
371,Gregorius,Jamary,gjamaryaa@hao123.com,Male,179.227.12.120
372,Cece,Candwell,ccandwellab@elpais.com,Male,104.201.35.200
373,Irma,Stollhofer,istollhoferac@t.co,Female,65.78.141.111
374,Ilsa,Alti,ialtiad@ted.com,Female,31.50.59.1
375,Thea,Vautre,tvautreae@ocn.ne.jp,Genderqueer,108.122.122.117
376,Annadiana,Toupe,atoupeaf@oracle.com,Female,26.118.189.38
377,Sarine,Craigie,scraigieag@vkontakte.ru,Female,25.207.171.56
378,Clarice,Gorelli,cgorelliah@wikia.com,Female,10.244.6.171
379,Teriann,Wicken,twickenai@wired.com,Female,8.245.246.44
380,Maren,Habbes,mhabbesaj@weather.com,Female,71.147.85.18
381,Adel,Matijasevic,amatijasevicak@jiathis.com,Female,119.254.246.7
382,Lorne,Laxe,llaxeal@issuu.com,Male,53.210.224.202
383,Kandy,Medlen,kmedlenam@netvibes.com,Polygender,196.163.151.23
384,Burlie,Myrtle,bmyrtlean@whitehouse.gov,Male,138.97.76.190
385,Lukas,Boldison,lboldisonao@cloudflare.com,Male,47.49.23.5
386,Beverie,Cumesky,bcumeskyap@paypal.com,Female,121.230.196.255
387,Stephie,Huggen,shuggenaq@theatlantic.com,Female,167.238.50.164
388,Reg,Oade,roadear@wunderground.com,Male,109.14.79.103
389,Tremaine,Martyntsev,tmartyntsevas@slideshare.net,Male,9.66.207.119
390,Mei,Barney,mbarneyat@stumbleupon.com,Female,17.102.97.91
391,Meredith,Cattow,mcattowau@newsvine.com,Female,90.117.218.128
392,Sandy,Gynni,sgynniav@parallels.com,Male,20.196.40.199
393,Thain,McMakin,tmcmakinaw@oakley.com,Male,244.90.87.179
394,Filmer,Hundley,fhundleyax@spotify.com,Male,50.165.206.54
395,Broddy,Gosforth,bgosforthay@ycombinator.com,Male,232.47.112.59
396,Mata,Guilliatt,mguilliattaz@studiopress.com,Male,94.149.55.30
397,Suellen,Shears,sshearsb0@storify.com,Female,168.165.169.5
398,Merv,Paumier,mpaumierb1@narod.ru,Male,26.29.84.33
399,Gale,Chad,gchadb2@mapquest.com,Female,166.115.158.39
400,Lissie,Stokes,lstokesb3@google.com.br,Female,83.8.253.238
401,Elana,Luckings,eluckingsb4@springer.com,Female,13.48.142.151
402,Nona,Cridge,ncridgeb5@woothemes.com,Female,167.86.90.200
403,Fran,Danielkiewicz,fdanielkiewiczb6@github.com,Male,14.250.126.132
404,Thurston,Sibborn,tsibbornb7@ft.com,Male,183.13.65.197
405,Chrissy,Baskwell,cbaskwellb8@instagram.com,Male,157.146.166.28
406,Loren,Parks,lparksb9@eventbrite.com,Male,52.174.12.175
407,Egbert,Hindes,ehindesba@berkeley.edu,Male,237.191.142.137
408,Hermione,Josilowski,hjosilowskibb@pcworld.com,Female,252.245.167.9
409,Kathryn,Josefsson,kjosefssonbc@flickr.com,Female,73.174.229.21
410,Chevy,Skelcher,cskelcherbd@prweb.com,Male,206.20.17.29
411,Jany,Manning,jmanningbe@digg.com,Non-binary,233.77.254.37
412,Stephie,Ireson,siresonbf@homestead.com,Female,199.10.98.55
413,Liva,Brood,lbroodbg@cam.ac.uk,Female,7.249.242.41
414,Bayard,Roscher,broscherbh@forbes.com,Male,10.193.82.22
415,Juliet,Burberow,jburberowbi@w3.org,Female,248.87.64.126
416,Lotta,Crewes,lcrewesbj@intel.com,Female,115.219.251.109
417,Anjela,Mazey,amazeybk@apache.org,Female,242.214.70.78
418,Jo-ann,Pleming,jplemingbl@hubpages.com,Female,185.149.8.50
419,Harlie,Westley,hwestleybm@t-online.de,Female,170.232.22.8
420,Wallis,Colyer,wcolyerbn@e-recht24.de,Male,247.67.241.78
421,Elbert,Gribbins,egribbinsbo@wunderground.com,Male,129.27.194.77
422,Hughie,Snarr,hsnarrbp@amazon.co.uk,Male,63.13.53.11
423,Dominick,Timby,dtimbybq@msn.com,Male,180.38.59.25
424,Wandis,Ashfold,washfoldbr@ocn.ne.jp,Genderqueer,73.180.104.194
425,Bradney,Grandisson,bgrandissonbs@t-online.de,Male,231.70.149.139
426,Vinny,Gatsby,vgatsbybt@example.com,Female,211.122.72.124
427,Milly,Fehely,mfehelybu@geocities.com,Female,74.218.118.32
428,Avril,Dewett,adewettbv@senate.gov,Female,162.27.176.239
429,Oliy,Stuckley,ostuckleybw@goo.gl,Genderqueer,130.121.125.244
430,Tom,Castilljo,tcastilljobx@berkeley.edu,Male,148.125.83.198
431,Kennith,Douthwaite,kdouthwaiteby@goodreads.com,Male,37.111.122.39
432,Jeffy,Hiner,jhinerbz@dot.gov,Male,70.151.80.32
433,Davina,Coules,dcoulesc0@amazonaws.com,Female,161.154.192.185
434,Francisca,Andreazzi,fandreazzic1@cam.ac.uk,Female,12.39.34.104
435,Thibaut,Flaxon,tflaxonc2@technorati.com,Male,108.79.152.209
436,Oberon,Hill,ohillc3@oracle.com,Agender,92.227.103.248
437,Dietrich,Garwell,dgarwellc4@columbia.edu,Male,193.166.108.4
438,Elfrida,Orrill,eorrillc5@sitemeter.com,Female,45.191.163.99
439,Thatcher,Rosellini,trosellinic6@dailymail.co.uk,Male,159.237.240.191
440,Melisandra,Landsborough,mlandsboroughc7@dagondesign.com,Female,66.248.112.15
441,Peyter,Giamo,pgiamoc8@so-net.ne.jp,Male,135.153.119.205
442,Bobbe,Barczynski,bbarczynskic9@symantec.com,Female,139.38.105.112
443,Allyn,Hewertson,ahewertsonca@pagesperso-orange.fr,Male,20.50.188.90
444,Burtie,Dunthorn,bdunthorncb@guardian.co.uk,Male,253.183.123.34
445,Melissa,Swate,mswatecc@ibm.com,Female,172.104.24.98
446,Stormie,Elves,selvescd@php.net,Female,161.90.152.121
447,Hank,Schorah,hschorahce@ycombinator.com,Male,173.136.59.42
448,Chevalier,McCalum,cmccalumcf@bigcartel.com,Male,202.108.210.238
449,Coleman,Brasher,cbrashercg@clickbank.net,Male,92.6.250.1
450,Corrina,Snaddin,csnaddinch@princeton.edu,Female,150.69.89.90
451,Moria,Cornelisse,mcornelisseci@ebay.co.uk,Female,207.55.56.150
452,Ettore,Frend,efrendcj@google.es,Male,120.172.2.223
453,Irwinn,Bertholin,ibertholinck@unc.edu,Male,14.172.175.205
454,Alanson,Gotts,agottscl@de.vu,Male,179.64.233.19
455,Ruthie,Caulfield,rcaulfieldcm@washingtonpost.com,Female,15.217.200.253
456,Ernestine,Manueli,emanuelicn@unesco.org,Female,160.220.153.209
457,Lenci,Skingley,lskingleyco@ameblo.jp,Male,55.0.37.92
458,Alyda,Maso,amasocp@shop-pro.jp,Female,12.203.198.168
459,Reggie,Kausche,rkauschecq@epa.gov,Female,174.214.62.168
460,Morey,Leel,mleelcr@sogou.com,Male,145.168.60.198
461,Ruthe,Greenhall,rgreenhallcs@icio.us,Female,208.137.149.172
462,Billye,Ahrend,bahrendct@yahoo.co.jp,Female,39.215.169.15
463,Loralyn,Prince,lprincecu@163.com,Female,172.98.44.110
464,Augy,Gilbank,agilbankcv@twitter.com,Male,174.96.183.228
465,Andrus,Prothero,aprotherocw@dot.gov,Male,217.236.48.79
466,Hobart,Rosenblatt,hrosenblattcx@ucoz.ru,Male,175.231.197.172
467,Aarika,Norridge,anorridgecy@bluehost.com,Female,93.3.216.123
468,Mathilda,Saffran,msaffrancz@vkontakte.ru,Female,41.135.148.21
469,Bronson,Willmore,bwillmored0@cnbc.com,Non-binary,79.73.17.132
470,Chaddy,De Fraine,cdefrained1@java.com,Male,142.130.234.113
471,Chadd,Mikalski,cmikalskid2@ftc.gov,Polygender,250.98.176.210
472,Gibbie,Crowdy,gcrowdyd3@washington.edu,Male,108.88.219.63
473,Terese,Bolderoe,tbolderoed4@lycos.com,Bigender,214.19.118.3
474,Tiffanie,Covert,tcovertd5@newyorker.com,Non-binary,255.225.206.89
475,Shepherd,Frankum,sfrankumd6@nba.com,Male,212.28.82.160
476,Devinne,Skade,dskaded7@cbc.ca,Female,15.207.42.223
477,Rina,Gehring,rgehringd8@nytimes.com,Female,254.34.81.225
478,Micheline,Hercules,mherculesd9@uol.com.br,Female,15.16.60.249
479,Geoffry,Perago,gperagoda@t.co,Male,62.173.213.41
480,Amity,Phettiplace,aphettiplacedb@wp.com,Female,43.202.144.141
481,Dorella,Gilby,dgilbydc@mozilla.com,Genderqueer,233.111.199.159
482,Milli,Klawi,mklawidd@t.co,Female,211.33.67.194
483,Libbi,Fermoy,lfermoyde@springer.com,Agender,12.136.100.139
484,Ezra,Morton,emortondf@google.it,Male,231.233.233.101
485,Sissy,Eginton,segintondg@jugem.jp,Female,0.50.251.197
486,Kristoforo,Tripp,ktrippdh@washington.edu,Male,221.248.225.81
487,Gale,Vardy,gvardydi@cdc.gov,Male,100.216.11.22
488,Delphinia,Beneze,dbenezedj@51.la,Female,171.255.42.159
489,Harald,Alday,haldaydk@theatlantic.com,Male,136.0.42.191
490,Riley,Ivanchov,rivanchovdl@istockphoto.com,Male,38.139.114.246
491,Randy,Merrell,rmerrelldm@t.co,Male,153.105.162.206
492,Rhodie,Brunger,rbrungerdn@ed.gov,Female,168.211.88.79
493,Toddy,Doers,tdoersdo@mapy.cz,Male,220.89.145.211
494,Nata,Obell,nobelldp@tuttocitta.it,Female,254.191.236.12
495,Loy,Armitt,larmittdq@istockphoto.com,Male,129.184.146.36
496,Ignacio,Lazare,ilazaredr@oaic.gov.au,Male,198.24.25.211
497,Noni,Lewington,nlewingtonds@irs.gov,Female,72.130.245.244
498,Analiese,Baillie,abailliedt@freewebs.com,Polygender,238.151.59.37
499,Vinita,Bakewell,vbakewelldu@blogs.com,Polygender,220.52.154.204
500,Derrick,Pestricke,dpestrickedv@nbcnews.com,Male,82.249.181.128
501,Bryn,Cozzi,bcozzidw@chron.com,Female,19.138.222.91
502,Shep,Kidson,skidsondx@bravesites.com,Male,181.191.245.197
503,Amye,Satterthwaite,asatterthwaitedy@earthlink.net,Female,183.13.64.39
504,Turner,Doelle,tdoelledz@smh.com.au,Male,100.117.171.31
505,Maxwell,Syalvester,msyalvestere0@de.vu,Non-binary,123.212.37.141
506,Danni,Barends,dbarendse1@samsung.com,Female,52.96.175.78
507,Corri,Haddacks,chaddackse2@businessweek.com,Female,99.242.171.79
508,Mose,Huc,mhuce3@unblog.fr,Male,45.32.83.90
509,Jaynell,Ellse,jellsee4@boston.com,Genderqueer,66.19.156.145
510,Rosemaria,Wattisham,rwattishame5@twitter.com,Female,126.225.13.21
511,Abbot,Mebs,amebse6@51.la,Male,126.213.243.143
512,Matthieu,Van Ross,mvanrosse7@columbia.edu,Male,58.125.42.233
513,Micheal,Jinks,mjinkse8@php.net,Male,110.74.26.11
514,Ansell,McMichell,amcmichelle9@spotify.com,Male,162.66.103.40
515,Rickert,Baynard,rbaynardea@com.com,Male,63.54.186.23
516,Sully,McInnerny,smcinnernyeb@1und1.de,Genderqueer,5.3.254.37
517,Esdras,Thomke,ethomkeec@weebly.com,Male,67.29.146.20
518,Daphna,Smallpeace,dsmallpeaceed@shareasale.com,Female,170.17.247.245
519,Ethyl,Pilcher,epilcheree@posterous.com,Female,23.220.154.239
520,Sherwynd,Battyll,sbattyllef@posterous.com,Male,176.213.172.83
521,Hazel,Olech,holecheg@stanford.edu,Female,104.110.229.94
522,Gabriellia,Windrus,gwindruseh@arstechnica.com,Female,132.110.26.149
523,Mar,Raycroft,mraycroftei@linkedin.com,Male,206.103.109.141
524,Algernon,Denisovich,adenisovichej@nps.gov,Male,6.236.215.23
525,Beaufort,Laughton,blaughtonek@adobe.com,Male,197.29.35.198
526,Frankie,Cordeau],fcordeauel@discovery.com,Female,146.255.97.219
527,Rodie,Meller,rmellerem@cbslocal.com,Female,236.155.34.157
528,Yulma,Manchester,ymanchesteren@accuweather.com,Male,142.152.221.107
529,Stanton,Wetherick,swetherickeo@odnoklassniki.ru,Male,95.215.69.52
530,Bernardina,Lackington,blackingtonep@blogtalkradio.com,Female,62.77.121.19
531,Petr,Sloegrave,psloegraveeq@nasa.gov,Male,30.74.126.28
532,Melamie,Beacon,mbeaconer@issuu.com,Female,165.30.210.121
533,Linnie,Maker,lmakeres@last.fm,Female,4.27.221.94
534,Gina,Stuchberry,gstuchberryet@prnewswire.com,Female,232.29.26.223
535,Daryl,Silverstone,dsilverstoneeu@senate.gov,Agender,91.167.52.97
536,Lexie,Allett,lallettev@printfriendly.com,Female,234.136.133.221
537,Peria,Cornelius,pcorneliusew@soup.io,Female,22.30.60.2
538,Merl,Diche,mdicheex@cnet.com,Female,135.253.253.240
539,Anet,Fane,afaneey@webnode.com,Female,246.152.49.237
540,Cesaro,Shirt,cshirtez@pen.io,Male,132.129.248.248
541,Lacee,Glendza,lglendzaf0@wix.com,Bigender,80.185.71.174
542,Osborn,Godier,ogodierf1@virginia.edu,Male,59.204.247.170
543,Nicol,Haslegrave,nhaslegravef2@pcworld.com,Female,192.181.142.176
544,Stewart,Crauford,scraufordf3@weather.com,Male,13.40.161.237
545,Annamarie,McGinty,amcgintyf4@ca.gov,Female,143.9.88.179
546,Rudolfo,Tott,rtottf5@plala.or.jp,Male,121.168.196.63
547,Angelita,Poulney,apoulneyf6@123-reg.co.uk,Genderqueer,23.248.122.189
548,Poppy,Bonnin,pbonninf7@loc.gov,Female,141.20.75.112
549,Adan,Garnham,agarnhamf8@globo.com,Male,162.118.22.235
550,Donal,Gibbonson,dgibbonsonf9@soundcloud.com,Male,95.22.128.128
551,Jamie,Coggen,jcoggenfa@comsenz.com,Female,1.67.208.81
552,Jeannine,Devo,jdevofb@google.pl,Female,71.124.236.188
553,Rikki,Deakin,rdeakinfc@gizmodo.com,Male,181.67.163.13
554,Ruy,Tredgold,rtredgoldfd@mashable.com,Male,212.172.6.102
555,Brannon,Byrne,bbyrnefe@whitehouse.gov,Male,137.174.79.85
556,Odey,Scotter,oscotterff@globo.com,Male,237.102.31.82
557,Brnaby,Jacobowits,bjacobowitsfg@biblegateway.com,Male,110.175.112.187
558,Nicko,Abramin,nabraminfh@google.pl,Male,241.211.218.12
559,Silvanus,Ohrtmann,sohrtmannfi@pcworld.com,Male,189.227.76.122
560,Ernie,Shevelin,eshevelinfj@columbia.edu,Male,237.139.129.46
561,Joella,Paddington,jpaddingtonfk@gnu.org,Female,155.111.126.232
562,Tabb,Wearne,twearnefl@comcast.net,Male,70.236.12.129
563,Melicent,Locker,mlockerfm@privacy.gov.au,Female,220.10.75.16
564,Willi,Goodliff,wgoodlifffn@creativecommons.org,Male,38.179.176.124
565,Barbe,Grzegorzewicz,bgrzegorzewiczfo@sohu.com,Female,36.187.164.231
566,Tyler,Donn,tdonnfp@pen.io,Male,166.51.78.110
567,Padraic,Petru,ppetrufq@unc.edu,Male,24.235.137.49
568,Kippar,Pedlar,kpedlarfr@columbia.edu,Male,128.233.158.168
569,Joell,Gisborne,jgisbornefs@upenn.edu,Female,126.2.167.193
570,Eldin,Bilfoot,ebilfootft@amazonaws.com,Male,177.169.92.246
571,Lawrence,Walshe,lwalshefu@sfgate.com,Male,158.78.239.238
572,Kelci,Bonevant,kbonevantfv@usnews.com,Female,98.253.255.192
573,Paulo,Lawleff,plawlefffw@sourceforge.net,Bigender,51.141.75.92
574,Marin,Eubank,meubankfx@hhs.gov,Female,197.86.95.253
575,Myles,Cowie,mcowiefy@1und1.de,Male,42.101.206.20
576,Carmella,Artrick,cartrickfz@hugedomains.com,Female,232.84.182.139
577,Alisha,Morena,amorenag0@yellowbook.com,Female,37.14.231.55
578,Rianon,Butterly,rbutterlyg1@weibo.com,Female,138.107.30.141
579,Harbert,Waddilove,hwaddiloveg2@mlb.com,Male,26.106.38.84
580,Tanney,Tebbutt,ttebbuttg3@nba.com,Male,136.14.47.30
581,Waiter,Caverhill,wcaverhillg4@merriam-webster.com,Male,72.39.205.159
582,Berry,Rickword,brickwordg5@vinaora.com,Female,163.77.146.81
583,Devon,Aphale,daphaleg6@123-reg.co.uk,Female,239.89.33.50
584,Aprilette,Thomazet,athomazetg7@mozilla.com,Female,20.222.195.81
585,Jemima,Plumbley,jplumbleyg8@alibaba.com,Female,16.3.18.223
586,Curcio,Bogays,cbogaysg9@purevolume.com,Male,56.57.107.72
587,Cassandra,Whyatt,cwhyattga@timesonline.co.uk,Female,48.87.31.255
588,Gabbie,Keeley,gkeeleygb@fc2.com,Female,116.53.137.183
589,Danie,McGeneay,dmcgeneaygc@1688.com,Male,110.180.28.161
590,Corinna,Stranger,cstrangergd@uol.com.br,Female,147.70.246.61
591,Roderick,Catlette,rcatlettege@nydailynews.com,Male,15.224.130.126
592,Naoma,Antos,nantosgf@networksolutions.com,Female,207.65.21.28
593,Ryan,Siccombe,rsiccombegg@engadget.com,Non-binary,79.86.156.110
594,Bard,Outibridge,boutibridgegh@hc360.com,Male,183.125.101.177
595,Felicle,Girardy,fgirardygi@tinypic.com,Female,30.186.214.168
596,Oran,Dalbey,odalbeygj@google.co.jp,Male,146.98.26.109
597,Elladine,Seadon,eseadongk@dion.ne.jp,Female,205.60.5.115
598,Dory,Arkil,darkilgl@cbsnews.com,Male,155.136.89.222
599,Haley,Morley,hmorleygm@skyrock.com,Genderqueer,216.35.221.250
600,Minny,Loudian,mloudiangn@yahoo.co.jp,Female,59.181.244.188
601,Lamond,Darnody,ldarnodygo@pagesperso-orange.fr,Male,116.81.142.126
602,Tiffi,Ennew,tennewgp@cam.ac.uk,Female,89.186.117.40
603,Hardy,Insoll,hinsollgq@nba.com,Male,116.161.22.16
604,Ansel,Foard,afoardgr@g.co,Male,86.231.165.94
605,Cleopatra,Nunn,cnunngs@reference.com,Female,169.116.135.2
606,Joeann,Robbe,jrobbegt@tiny.cc,Female,103.223.185.34
607,Garrek,Peiser,gpeisergu@guardian.co.uk,Male,178.53.222.22
608,Ennis,Haldon,ehaldongv@plala.or.jp,Male,111.158.143.53
609,Zolly,Popland,zpoplandgw@dell.com,Male,176.183.136.254
610,Dona,Stapylton,dstapyltongx@dell.com,Female,137.49.178.108
611,Cyndie,Kuban,ckubangy@posterous.com,Female,195.253.39.134
612,Sosanna,Albarez,salbarezgz@ibm.com,Female,53.51.136.205
613,Rahal,Pentin,rpentinh0@clickbank.net,Female,231.165.102.131
614,Lissi,Rowes,lrowesh1@go.com,Female,173.137.46.165
615,Gavra,Phillcox,gphillcoxh2@pinterest.com,Female,165.62.54.145
616,Ara,Bottinelli,abottinellih3@chicagotribune.com,Female,162.156.60.196
617,Issy,MacGiffin,imacgiffinh4@hc360.com,Female,221.95.157.170
618,Hewet,Banthorpe,hbanthorpeh5@thetimes.co.uk,Male,225.6.142.132
619,Melessa,De Hooge,mdehoogeh6@purevolume.com,Female,192.252.205.76
620,Jewell,Lanston,jlanstonh7@mtv.com,Female,45.85.238.31
621,Karissa,Danniell,kdanniellh8@chronoengine.com,Female,203.207.100.62
622,Roarke,Turmell,rturmellh9@google.co.uk,Male,164.159.252.51
623,Silvio,Dossettor,sdossettorha@ezinearticles.com,Male,5.71.130.209
624,Josefina,Bierton,jbiertonhb@cpanel.net,Female,83.96.71.62
625,Yettie,Allmark,yallmarkhc@jimdo.com,Female,255.77.108.236
626,Harman,Larvor,hlarvorhd@photobucket.com,Male,166.234.178.191
627,Laird,Mussotti,lmussottihe@apple.com,Male,239.65.154.225
628,Eyde,Lifton,eliftonhf@instagram.com,Non-binary,93.21.72.125
629,Faith,McReynold,fmcreynoldhg@ifeng.com,Agender,161.166.46.29
630,Clarette,Tubridy,ctubridyhh@elegantthemes.com,Female,173.192.46.170
631,Gage,Sliney,gslineyhi@columbia.edu,Male,30.58.203.100
632,Stacey,Whymark,swhymarkhj@sun.com,Female,95.200.10.52
633,Bamby,Houlton,bhoultonhk@over-blog.com,Female,150.30.107.159
634,Dorene,Crosthwaite,dcrosthwaitehl@booking.com,Female,134.37.80.25
635,Talya,Ewins,tewinshm@miibeian.gov.cn,Female,173.89.253.163
636,Ninon,Simonian,nsimonianhn@unblog.fr,Polygender,91.80.66.236
637,Isaak,Peyro,ipeyroho@wired.com,Male,234.0.241.111
638,Josey,Kmieciak,jkmieciakhp@ocn.ne.jp,Female,248.82.37.85
639,Marty,Carthy,mcarthyhq@fastcompany.com,Female,161.100.236.244
640,Tamiko,Selbie,tselbiehr@princeton.edu,Female,252.121.55.193
641,Verne,Minney,vminneyhs@indiatimes.com,Male,66.25.211.197
642,Marigold,Stedmond,mstedmondht@thetimes.co.uk,Female,136.230.55.186
643,Collin,Bras,cbrashu@newyorker.com,Male,213.97.97.233
644,Selena,Leebetter,sleebetterhv@artisteer.com,Female,15.23.109.204
645,Damian,Bridgeland,dbridgelandhw@imgur.com,Male,104.231.124.63
646,Velvet,Duester,vduesterhx@comcast.net,Female,171.26.22.204
647,Shae,Hasselby,shasselbyhy@i2i.jp,Non-binary,197.224.86.67
648,Corrie,Wisdom,cwisdomhz@baidu.com,Genderqueer,251.240.30.218
649,Rhianna,Iannetti,riannettii0@cyberchimps.com,Genderfluid,75.142.26.168
650,Faydra,Curnock,fcurnocki1@webnode.com,Female,215.243.225.251
651,Ingeberg,Capron,icaproni2@dot.gov,Female,8.207.158.182
652,Roseline,Bottomer,rbottomeri3@wp.com,Female,84.242.73.119
653,Rustie,Brunnen,rbrunneni4@hao123.com,Male,215.4.240.121
654,Cletis,Milvarnie,cmilvarniei5@geocities.jp,Male,163.179.201.114
655,Audre,Yakebovich,ayakebovichi6@reference.com,Female,42.155.181.172
656,Camilla,Matzel,cmatzeli7@microsoft.com,Female,162.35.79.205
657,York,Matheson,ymathesoni8@exblog.jp,Male,196.17.110.166
658,Shaylynn,Hannaby,shannabyi9@studiopress.com,Female,69.61.158.65
659,Lissi,Dudhill,ldudhillia@paginegialle.it,Female,200.83.125.200
660,Hewet,Gawen,hgawenib@ocn.ne.jp,Male,248.49.83.81
661,Cob,Merry,cmerryic@fc2.com,Male,60.43.52.79
662,Ignacio,Larner,ilarnerid@jalbum.net,Genderfluid,202.62.74.173
663,Drusy,Dewitt,ddewittie@bbb.org,Female,225.138.42.61
664,Binny,Hover,bhoverif@sakura.ne.jp,Female,219.191.148.233
665,Bethena,Schimek,bschimekig@canalblog.com,Female,9.181.84.74
666,Jaye,Coy,jcoyih@gizmodo.com,Male,181.46.114.31
667,Way,Bolwell,wbolwellii@independent.co.uk,Male,107.246.93.72
668,Fionnula,Allinson,fallinsonij@trellian.com,Female,89.144.130.234
669,Joyous,Alvarado,jalvaradoik@weather.com,Female,114.83.129.100
670,Naoma,Buttle,nbuttleil@de.vu,Agender,64.45.239.183
671,Humfrid,Carass,hcarassim@shareasale.com,Male,103.180.87.7
672,Thomasina,Milbourn,tmilbournin@shareasale.com,Agender,24.218.117.63
673,Bradley,Goodlad,bgoodladio@huffingtonpost.com,Male,60.24.157.208
674,Marco,Cotta,mcottaip@wikipedia.org,Male,190.120.91.229
675,Micheline,Bullas,mbullasiq@fda.gov,Female,40.182.69.103
676,Pippa,Zahor,pzahorir@blogspot.com,Female,167.211.111.0
677,Enos,Deakan,edeakanis@gmpg.org,Male,134.194.69.187
678,Haywood,Durnall,hdurnallit@gmpg.org,Male,101.56.208.196
679,Loni,Whitloe,lwhitloeiu@washingtonpost.com,Female,173.32.25.162
680,Inglis,Romke,iromkeiv@cyberchimps.com,Male,41.95.175.103
681,Robinette,Splain,rsplainiw@senate.gov,Polygender,202.7.131.224
682,Tasia,Flippen,tflippenix@nytimes.com,Female,193.139.131.213
683,Pembroke,Whiteman,pwhitemaniy@ftc.gov,Male,204.20.20.223
684,Allison,Farnish,afarnishiz@jugem.jp,Female,71.142.1.159
685,Glad,Pietrowicz,gpietrowiczj0@eventbrite.com,Female,45.137.233.197
686,Una,Hansford,uhansfordj1@usatoday.com,Genderqueer,26.208.153.59
687,Winnie,McGowing,wmcgowingj2@sciencedaily.com,Male,54.194.179.183
688,Merrielle,Kelland,mkellandj3@desdev.cn,Female,237.150.78.116
689,Boris,Iacofo,biacofoj4@sbwire.com,Male,236.153.213.216
690,Coralie,Episcopio,cepiscopioj5@histats.com,Female,124.54.149.212
691,Claudian,Lucchi,clucchij6@fc2.com,Male,180.244.212.170
692,Renell,Hover,rhoverj7@cbsnews.com,Female,171.99.104.124
693,Loleta,Gowdie,lgowdiej8@state.tx.us,Female,143.109.54.68
694,Marylin,Bartaloni,mbartalonij9@senate.gov,Female,52.155.103.90
695,Fidelio,Lauchlan,flauchlanja@ifeng.com,Polygender,239.171.6.178
696,Blanch,Hardwidge,bhardwidgejb@delicious.com,Female,20.186.65.206
697,Bobbye,Aggott,baggottjc@icio.us,Female,61.190.134.111
698,Lanna,Trownson,ltrownsonjd@nasa.gov,Female,255.183.168.70
699,Min,Chatband,mchatbandje@ezinearticles.com,Female,143.194.147.194
700,Ruthe,Crosland,rcroslandjf@shareasale.com,Genderqueer,75.210.187.153
701,Tallia,Defty,tdeftyjg@networksolutions.com,Female,17.138.181.82
702,Minnie,Plewman,mplewmanjh@accuweather.com,Female,167.186.9.168
703,Boothe,Kynaston,bkynastonji@china.com.cn,Male,116.188.106.105
704,Stephine,Ovesen,sovesenjj@about.com,Female,88.87.228.146
705,Doreen,Feedham,dfeedhamjk@abc.net.au,Agender,175.7.155.200
706,Joyan,McMurty,jmcmurtyjl@vkontakte.ru,Female,103.226.70.27
707,Dara,Troup,dtroupjm@comsenz.com,Female,49.235.36.111
708,Vassily,Ornillos,vornillosjn@friendfeed.com,Male,94.134.207.161
709,Nanni,Hulme,nhulmejo@google.de,Female,63.235.43.9
710,Merrile,Harriott,mharriottjp@pen.io,Female,174.212.242.40
711,Stillman,Barfford,sbarffordjq@prweb.com,Male,170.146.155.231
712,Fiona,Plunkett,fplunkettjr@weibo.com,Female,166.51.64.21
713,Ophelia,Cawood,ocawoodjs@prlog.org,Female,102.249.204.26
714,Klement,Goldstone,kgoldstonejt@cyberchimps.com,Male,190.169.133.17
715,Bennie,Dwelly,bdwellyju@chicagotribune.com,Female,60.67.236.120
716,Alys,Webling,aweblingjv@constantcontact.com,Female,55.34.147.165
717,Gilda,Cawkill,gcawkilljw@cbc.ca,Female,58.217.123.41
718,Wilma,Adlem,wadlemjx@infoseek.co.jp,Female,205.240.113.194
719,Beverlie,Sewall,bsewalljy@qq.com,Female,132.29.105.48
720,Wolfie,Champion,wchampionjz@jimdo.com,Male,238.2.110.240
721,Emera,Maisey,emaiseyk0@taobao.com,Female,149.43.131.149
722,Harwilll,Churms,hchurmsk1@twitter.com,Male,116.226.2.98
723,Elie,Roder,eroderk2@yahoo.co.jp,Female,79.156.123.106
724,Kimberlyn,Eglaise,keglaisek3@topsy.com,Female,148.245.147.105
725,Gabby,Velde,gveldek4@sohu.com,Male,68.38.184.49
726,Cate,Macon,cmaconk5@mozilla.com,Female,98.211.254.21
727,Randolf,Bosma,rbosmak6@desdev.cn,Male,51.7.119.10
728,Bernete,Outram,boutramk7@craigslist.org,Female,111.231.139.18
729,Pearline,Milella,pmilellak8@pcworld.com,Bigender,208.175.114.12
730,Leese,Grabert,lgrabertk9@berkeley.edu,Female,127.105.187.217
731,Grantham,Franses,gfranseska@smugmug.com,Male,126.133.112.183
732,Horatius,Fipp,hfippkb@wikipedia.org,Male,225.165.92.196
733,Laurie,Sanchis,lsanchiskc@soundcloud.com,Male,185.199.210.94
734,Horten,Piccard,hpiccardkd@blogs.com,Male,207.197.177.107
735,Bette-ann,Cunniam,bcunniamke@hao123.com,Female,189.230.27.74
736,Fields,Handscombe,fhandscombekf@cloudflare.com,Male,176.17.190.97
737,Waldo,O'Fearguise,wofearguisekg@princeton.edu,Male,33.170.230.95
738,Cymbre,Krelle,ckrellekh@rediff.com,Female,255.137.195.83
739,Flin,Behnecke,fbehneckeki@house.gov,Male,174.105.104.49
740,Mac,Amberger,mambergerkj@unesco.org,Male,188.5.24.99
741,Jone,Erswell,jerswellkk@linkedin.com,Male,141.173.50.237
742,Caye,Tadgell,ctadgellkl@google.ca,Female,235.71.90.2
743,Shurlocke,O'Dee,sodeekm@chron.com,Male,94.97.50.239
744,Antons,Jiri,ajirikn@mozilla.com,Male,136.231.47.16
745,Lutero,Clilverd,lclilverdko@com.com,Male,101.88.92.229
746,Jefferson,Fouracres,jfouracreskp@123-reg.co.uk,Male,84.83.172.21
747,Bastien,Sharville,bsharvillekq@state.tx.us,Agender,152.231.131.37
748,Leo,Bister,lbisterkr@nhs.uk,Male,176.59.101.19
749,Skip,Sybry,ssybryks@miitbeian.gov.cn,Male,32.56.116.34
750,Roselia,Beveridge,rbeveridgekt@t-online.de,Female,136.80.140.33
751,Erv,Yezafovich,eyezafovichku@sbwire.com,Male,165.58.33.27
752,Cecelia,Toovey,ctooveykv@a8.net,Female,169.82.127.99
753,Ericha,Barney,ebarneykw@foxnews.com,Female,54.105.36.47
754,Delmar,Rennenbach,drennenbachkx@businessweek.com,Male,48.232.147.255
755,Scotti,Ayerst,sayerstky@wp.com,Male,198.8.217.43
756,Phillis,Harle,pharlekz@tumblr.com,Female,84.201.221.50
757,Raynor,Cuddon,rcuddonl0@digg.com,Male,68.244.199.210
758,Ingemar,McLanachan,imclanachanl1@digg.com,Male,89.207.223.17
759,Catlin,McFarlan,cmcfarlanl2@webmd.com,Female,219.26.51.133
760,Templeton,Jaques,tjaquesl3@chron.com,Male,80.171.42.59
761,Robinet,Mahoney,rmahoneyl4@google.pl,Female,1.65.26.99
762,Lefty,McIlhagga,lmcilhaggal5@columbia.edu,Male,165.167.109.227
763,Minnaminnie,Wein,mweinl6@blog.com,Female,36.122.67.62
764,Lamond,Olivella,lolivellal7@uol.com.br,Male,14.99.146.120
765,Horatio,Brick,hbrickl8@nationalgeographic.com,Male,3.44.73.170
766,Belicia,Percival,bpercivall9@cdbaby.com,Genderqueer,34.252.202.104
767,Cassie,Reiglar,creiglarla@disqus.com,Bigender,123.60.165.92
768,Jaimie,McKinnell,jmckinnelllb@delicious.com,Female,251.164.168.228
769,Torin,Dearle,tdearlelc@ihg.com,Male,162.167.190.96
770,Mord,Stainson,mstainsonld@smh.com.au,Male,25.243.120.97
771,Jdavie,Tilly,jtillyle@skyrock.com,Male,203.54.153.130
772,Allegra,Columbell,acolumbelllf@acquirethisname.com,Female,168.67.207.242
773,Kane,Vatini,kvatinilg@mac.com,Male,11.160.167.139
774,Madel,Erangy,merangylh@ovh.net,Female,157.213.37.206
775,Skylar,Larrett,slarrettli@unesco.org,Male,203.145.92.134
776,Felicio,Stewart,fstewartlj@fotki.com,Male,202.112.204.223
777,Cheston,Bellefonte,cbellefontelk@macromedia.com,Male,204.139.118.92
778,Karolina,Egginton,keggintonll@bravesites.com,Female,148.230.177.39
779,Alexio,MacBrearty,amacbreartylm@bigcartel.com,Male,106.230.6.245
780,Magdalene,Cristofano,mcristofanoln@example.com,Female,231.135.46.36
781,Gilly,Toby,gtobylo@princeton.edu,Female,255.219.33.105
782,Roseanne,Hunnybun,rhunnybunlp@hhs.gov,Female,132.30.76.58
783,Cornell,Gudgin,cgudginlq@sphinn.com,Male,6.48.186.68
784,Travis,Briant,tbriantlr@jalbum.net,Male,244.140.235.158
785,Dennie,Andriulis,dandriulisls@foxnews.com,Female,62.97.43.1
786,Angelle,Dinnage,adinnagelt@symantec.com,Female,63.49.196.91
787,Maximo,Picknett,mpicknettlu@fema.gov,Male,44.226.83.236
788,Marlee,Craddy,mcraddylv@livejournal.com,Female,138.131.139.223
789,Shannon,Shearstone,sshearstonelw@latimes.com,Male,141.208.65.26
790,Winnifred,Siemons,wsiemonslx@skyrock.com,Female,70.22.204.92
791,Sosanna,Bartleman,sbartlemanly@aol.com,Female,245.182.31.99
792,Cindie,Tyce,ctycelz@berkeley.edu,Female,163.185.31.115
793,Jennine,Powis,jpowism0@comcast.net,Female,248.101.94.224
794,Concordia,Evangelinos,cevangelinosm1@yelp.com,Female,51.19.25.187
795,Shalne,Brigge,sbriggem2@exblog.jp,Female,107.220.200.113
796,Maynord,Faulds,mfauldsm3@wiley.com,Male,59.21.24.7
797,Tuesday,D'Almeida,tdalmeidam4@netscape.com,Female,247.40.216.174
798,Sibeal,Dudenie,sdudeniem5@csmonitor.com,Female,145.244.247.120
799,Monroe,Kesteven,mkestevenm6@guardian.co.uk,Male,9.224.4.45
800,Bourke,Bottle,bbottlem7@va.gov,Male,150.21.223.83
801,Konstanze,Sones,ksonesm8@skyrock.com,Female,41.144.103.101
802,Cacilia,Warhurst,cwarhurstm9@amazonaws.com,Female,193.234.159.220
803,Codie,Pimblotte,cpimblottema@geocities.jp,Female,220.97.97.142
804,Linzy,Bustard,lbustardmb@jugem.jp,Female,51.73.36.244
805,Mandie,Selvester,mselvestermc@kickstarter.com,Female,42.138.46.252
806,Netti,Oke,nokemd@cornell.edu,Female,93.111.87.151
807,Chrissy,Chritchlow,cchritchlowme@whitehouse.gov,Female,151.99.2.108
808,Antonetta,Jancy,ajancymf@amazon.de,Female,243.2.34.190
809,Birk,Allitt,ballittmg@bloomberg.com,Male,195.69.60.129
810,Ned,Bollini,nbollinimh@ca.gov,Male,96.211.46.77
811,Ray,Dugall,rdugallmi@ameblo.jp,Male,108.16.139.6
812,Carley,Alger,calgermj@histats.com,Female,16.162.8.254
813,Guido,Pucknell,gpucknellmk@fc2.com,Non-binary,50.70.197.107
814,Keslie,Hamlet,khamletml@mozilla.org,Female,57.68.174.84
815,Erwin,Bynold,ebynoldmm@vkontakte.ru,Male,98.122.112.62
816,Tomkin,Datte,tdattemn@usatoday.com,Male,19.118.213.150
817,Melisent,Gianotti,mgianottimo@eepurl.com,Female,254.74.138.245
818,Birk,Bernhardi,bbernhardimp@netscape.com,Male,99.212.58.108
819,Laetitia,Giacovetti,lgiacovettimq@home.pl,Female,250.227.89.56
820,Chlo,Worpole,cworpolemr@nature.com,Female,82.32.29.75
821,Turner,Bresson,tbressonms@sbwire.com,Male,104.215.20.33
822,Drusie,Brouwer,dbrouwermt@marriott.com,Female,142.166.226.54
823,Rodie,Purkis,rpurkismu@goo.ne.jp,Agender,139.141.16.2
824,Reba,Shalloo,rshalloomv@soundcloud.com,Female,67.243.186.130
825,Phelia,Simionato,psimionatomw@wikimedia.org,Female,250.222.162.236
826,Harwilll,Filliskirk,hfilliskirkmx@altervista.org,Male,179.234.23.163
827,Elli,Dwerryhouse,edwerryhousemy@technorati.com,Female,66.3.110.168
828,Melicent,Jiran,mjiranmz@example.com,Female,255.255.42.250
829,Barde,Spawton,bspawtonn0@berkeley.edu,Male,169.192.104.76
830,Sascha,Crenage,screnagen1@nymag.com,Female,225.41.48.156
831,Marie,Naire,mnairen2@nifty.com,Female,132.58.11.22
832,Caleb,Gailor,cgailorn3@ted.com,Male,40.249.190.247
833,Jordanna,Braams,jbraamsn4@facebook.com,Female,180.170.140.27
834,Leonore,Bowra,lbowran5@bigcartel.com,Female,85.235.73.79
835,Donny,Nalder,dnaldern6@wix.com,Female,246.208.249.34
836,Magdalene,Perin,mperinn7@squarespace.com,Female,43.146.238.174
837,Ricardo,De Robertis,rderobertisn8@issuu.com,Male,175.154.122.193
838,Nelia,Stevens,nstevensn9@simplemachines.org,Agender,129.252.59.37
839,Dacia,Dumbrill,ddumbrillna@youtu.be,Female,150.196.128.188
840,Staffard,Bodle,sbodlenb@hao123.com,Male,211.157.237.21
841,Malcolm,Calliss,mcallissnc@arizona.edu,Male,61.171.178.188
842,Deanna,Benning,dbenningnd@cam.ac.uk,Female,224.153.172.59
843,Orelia,Ricci,oriccine@csmonitor.com,Female,124.246.103.116
844,Marti,Augie,maugienf@vkontakte.ru,Genderfluid,57.82.21.251
845,Bernard,Roseman,brosemanng@weather.com,Male,9.163.91.254
846,Eudora,Slides,eslidesnh@yelp.com,Female,190.106.172.92
847,Geoffrey,Dottrell,gdottrellni@surveymonkey.com,Male,137.128.77.183
848,Arleta,Depper,adeppernj@blog.com,Female,48.55.156.10
849,Marcel,Ledwich,mledwichnk@youtu.be,Male,98.88.131.163
850,Ariana,Aers,aaersnl@gravatar.com,Female,92.49.121.59
851,Nadia,Cubbit,ncubbitnm@tmall.com,Female,169.75.125.93
852,Gayelord,Cleaveland,gcleavelandnn@free.fr,Male,95.215.169.44
853,Julieta,Fisbey,jfisbeyno@mit.edu,Female,1.30.32.123
854,Wait,Whitelaw,wwhitelawnp@jiathis.com,Male,165.252.184.90
855,Thadeus,Pykerman,tpykermannq@home.pl,Male,165.149.214.21
856,Hardy,Spry,hsprynr@ed.gov,Male,229.187.160.151
857,Lorin,Spatarul,lspatarulns@unicef.org,Male,119.6.122.166
858,Adrian,MacSwayde,amacswaydent@amazon.co.jp,Male,94.255.141.102
859,Tait,Berrie,tberrienu@smh.com.au,Male,126.34.69.217
860,Gianina,Baytrop,gbaytropnv@friendfeed.com,Female,61.93.212.77
861,Ardith,Hartness,ahartnessnw@nsw.gov.au,Female,89.125.70.43
862,Sasha,Kilban,skilbannx@java.com,Male,49.161.4.13
863,Geoffry,Tal,gtalny@desdev.cn,Male,91.250.238.194
864,Elset,Folbig,efolbignz@domainmarket.com,Female,123.248.45.149
865,Eleonore,Kelk,ekelko0@gizmodo.com,Female,21.214.146.19
866,Hilary,Attril,hattrilo1@apple.com,Female,154.96.115.65
867,Codee,Grima,cgrimao2@taobao.com,Female,241.190.57.177
868,Jaymie,Spilstead,jspilsteado3@blog.com,Bigender,91.52.239.76
869,Felipa,Rostern,frosterno4@lycos.com,Female,245.91.227.31
870,Minta,Langmuir,mlangmuiro5@ycombinator.com,Genderfluid,91.126.72.41
871,Duffy,MacGiolla Pheadair,dmacgiollapheadairo6@irs.gov,Polygender,39.93.37.248
872,Rustie,Luca,rlucao7@apple.com,Male,89.31.157.21
873,Danella,Georgeau,dgeorgeauo8@dot.gov,Female,108.178.100.65
874,Natalya,Elwel,nelwelo9@dropbox.com,Female,165.114.21.71
875,Raphaela,Cooley,rcooleyoa@gravatar.com,Female,162.215.183.239
876,Tynan,Aubin,taubinob@wired.com,Male,38.101.48.149
877,Margareta,Ollin,mollinoc@archive.org,Female,84.212.247.219
878,Elladine,Laffan,elaffanod@chicagotribune.com,Female,74.210.91.198
879,Courtnay,Cathersides,ccathersidesoe@auda.org.au,Male,129.17.239.216
880,Philly,Dymoke,pdymokeof@eventbrite.com,Female,226.252.217.139
881,Hayden,Clabburn,hclabburnog@weebly.com,Genderfluid,67.130.250.170
882,Carlene,Collyear,ccollyearoh@wordpress.org,Female,91.172.19.236
883,Adan,Korneluk,akornelukoi@omniture.com,Male,112.74.104.50
884,Inness,Duran,iduranoj@discovery.com,Male,110.195.20.192
885,Marya,Farmar,mfarmarok@sbwire.com,Female,245.107.77.75
886,Ailene,Sibbons,asibbonsol@weibo.com,Female,213.240.15.153
887,Desi,Duggon,dduggonom@over-blog.com,Male,64.42.243.238
888,Damien,Charge,dchargeon@printfriendly.com,Male,17.75.190.134
889,Dominick,Gudger,dgudgeroo@oakley.com,Male,64.183.165.133
890,Aline,Siflet,asifletop@cdc.gov,Female,23.50.191.59
891,Karyl,Cuttin,kcuttinoq@google.nl,Polygender,76.212.62.69
892,Avrom,Forker,aforkeror@amazon.com,Male,56.148.44.227
893,Hettie,Braganza,hbraganzaos@amazon.com,Bigender,178.47.10.121
894,Tamar,Sheldon,tsheldonot@gov.uk,Female,66.79.138.181
895,Bo,Jennins,bjenninsou@apache.org,Male,21.210.72.69
896,Herschel,McMillian,hmcmillianov@sohu.com,Male,210.170.201.66
897,Job,Thomassin,jthomassinow@apple.com,Male,102.59.17.118
898,Ardys,Zannetti,azannettiox@jalbum.net,Female,18.162.121.45
899,Ynez,Chevins,ychevinsoy@virginia.edu,Genderqueer,143.77.73.37
900,Meir,Smurthwaite,msmurthwaiteoz@smugmug.com,Male,16.175.131.108
901,Cris,Whyard,cwhyardp0@51.la,Male,248.191.30.104
902,Randolf,Rogerson,rrogersonp1@noaa.gov,Male,143.94.28.69
903,Camel,Hillin,chillinp2@ucoz.ru,Female,193.71.14.101
904,Giacinta,Whodcoat,gwhodcoatp3@acquirethisname.com,Female,3.184.182.245
905,Irwinn,Cowle,icowlep4@sourceforge.net,Male,71.149.203.21
906,Lothaire,Clifton,lcliftonp5@parallels.com,Male,254.134.116.93
907,Wini,Clyde,wclydep6@bbb.org,Female,195.158.68.183
908,Siffre,Taudevin,staudevinp7@hugedomains.com,Male,230.147.21.87
909,Golda,Blaydon,gblaydonp8@independent.co.uk,Female,54.99.82.234
910,Ira,Cicchinelli,icicchinellip9@ucoz.ru,Female,81.10.191.247
911,Sinclair,Misson,smissonpa@themeforest.net,Male,70.119.131.247
912,Larissa,McGrayle,lmcgraylepb@patch.com,Female,140.91.18.2
913,Pamelina,Penniell,ppenniellpc@wisc.edu,Female,204.148.167.116
914,Perren,Silversmidt,psilversmidtpd@linkedin.com,Male,212.140.166.167
915,Clayton,Cherrington,ccherringtonpe@constantcontact.com,Male,150.7.34.199
916,Maxwell,Hurlestone,mhurlestonepf@mit.edu,Male,229.21.61.223
917,Ange,Candwell,acandwellpg@topsy.com,Female,253.46.193.190
918,Jacqueline,Eaklee,jeakleeph@harvard.edu,Female,136.122.143.24
919,Hasty,Crystal,hcrystalpi@dell.com,Male,86.71.182.193
920,Darrick,Membry,dmembrypj@opensource.org,Male,141.36.11.187
921,Aime,Fall,afallpk@sciencedaily.com,Female,163.62.25.238
922,Cristabel,Inskipp,cinskipppl@weebly.com,Female,89.115.131.28
923,Clayborn,Forgie,cforgiepm@dell.com,Male,41.171.34.34
924,Manolo,Shephard,mshephardpn@nytimes.com,Male,43.162.55.168
925,Aurthur,Murra,amurrapo@webeden.co.uk,Male,50.8.250.218
926,Anselm,Capnor,acapnorpp@dagondesign.com,Male,94.192.79.3
927,Stace,Dove,sdovepq@123-reg.co.uk,Female,185.32.171.167
928,Cicily,Maudling,cmaudlingpr@tamu.edu,Female,124.155.159.38
929,Ralina,Madine,rmadineps@uol.com.br,Female,212.198.55.169
930,Caren,Eim,ceimpt@smh.com.au,Genderfluid,10.150.58.116
931,Vassily,Selcraig,vselcraigpu@irs.gov,Male,252.117.103.207
932,Cristal,Veel,cveelpv@altervista.org,Female,154.201.235.180
933,Mendy,Caldero,mcalderopw@google.fr,Male,154.122.134.42
934,Madelina,Rays,mrayspx@unc.edu,Female,133.165.89.59
935,Patrizia,Bourgourd,pbourgourdpy@purevolume.com,Female,47.41.89.75
936,Ceciley,Trowbridge,ctrowbridgepz@jigsy.com,Female,121.184.162.24
937,Rex,Cowser,rcowserq0@bizjournals.com,Male,20.20.173.172
938,Callie,Thurlbourne,cthurlbourneq1@berkeley.edu,Female,20.252.250.172
939,Wyatt,Savege,wsavegeq2@mac.com,Male,183.90.28.115
940,Monica,Kemme,mkemmeq3@topsy.com,Female,241.99.53.27
941,Alexandre,Segrott,asegrottq4@census.gov,Male,4.123.131.1
942,Phaedra,Hryskiewicz,phryskiewiczq5@ezinearticles.com,Female,122.192.230.127
943,Susann,Elan,selanq6@wufoo.com,Female,234.186.220.78
944,Farah,Cridlan,fcridlanq7@jigsy.com,Female,143.36.167.176
945,Meir,Bewfield,mbewfieldq8@quantcast.com,Male,130.109.10.91
946,Zaccaria,Sherebrooke,zsherebrookeq9@soundcloud.com,Male,26.48.91.137
947,Regen,Duckett,rduckettqa@zimbio.com,Male,116.16.124.40
948,Timothee,Ewers,tewersqb@qq.com,Male,56.128.215.233
949,Mortimer,Abdon,mabdonqc@google.ru,Male,207.16.191.210
950,Friederike,Cathie,fcathieqd@earthlink.net,Female,211.218.39.210
951,Karl,Wolsey,kwolseyqe@123-reg.co.uk,Male,196.204.151.148
952,Malissia,Adamczewski,madamczewskiqf@elpais.com,Female,88.176.243.46
953,Ber,Colhoun,bcolhounqg@naver.com,Male,168.213.47.170
954,Tova,MacHarg,tmachargqh@guardian.co.uk,Female,122.80.109.252
955,Mabel,Mulcock,mmulcockqi@bbc.co.uk,Female,75.177.195.112
956,Aurelia,Krates,akratesqj@alibaba.com,Female,191.75.89.217
957,Dee,Scrimshaw,dscrimshawqk@vimeo.com,Female,185.134.156.28
958,Valentino,Clinton,vclintonql@freewebs.com,Agender,241.78.225.224
959,Alric,Newberry,anewberryqm@dyndns.org,Male,99.91.126.108
960,Frankie,Adamik,fadamikqn@ask.com,Female,239.224.206.209
961,Vite,Craker,vcrakerqo@wisc.edu,Male,150.121.68.48
962,Kati,Acey,kaceyqp@cbsnews.com,Female,153.13.123.73
963,Jaynell,Koppe,jkoppeqq@google.nl,Female,188.128.243.83
964,Rosaleen,Risely,rriselyqr@engadget.com,Female,54.39.172.247
965,Conrado,Aulds,cauldsqs@prlog.org,Male,224.158.175.4
966,Lauree,Espasa,lespasaqt@ning.com,Female,7.36.160.114
967,Raimund,Oldknow,roldknowqu@twitpic.com,Male,236.252.202.205
968,Kassey,Maleck,kmaleckqv@twitpic.com,Female,117.79.61.50
969,Magdalena,Coldbreath,mcoldbreathqw@github.com,Female,96.188.181.118
970,Drake,Roots,drootsqx@hhs.gov,Male,240.173.64.110
971,Willem,Pfeffer,wpfefferqy@stanford.edu,Male,160.177.123.154
972,Pauly,Youings,pyouingsqz@google.fr,Male,64.79.98.91
973,Richardo,Fownes,rfownesr0@hp.com,Male,151.22.64.249
974,Enriqueta,Andreasson,eandreassonr1@wordpress.org,Female,162.94.34.198
975,Garrot,Heersma,gheersmar2@lulu.com,Male,49.0.184.190
976,Lazarus,Cregan,lcreganr3@wikimedia.org,Male,42.30.44.199
977,Carola,Zupo,czupor4@arizona.edu,Female,153.161.36.80
978,Solomon,Gosden,sgosdenr5@elpais.com,Male,196.96.37.44
979,Enos,Climie,eclimier6@miitbeian.gov.cn,Male,28.43.27.27
980,Leif,Tomenson,ltomensonr7@cyberchimps.com,Male,12.63.147.12
981,Dacey,Summerell,dsummerellr8@yale.edu,Female,111.35.139.143
982,Berk,Newcomen,bnewcomenr9@artisteer.com,Male,151.85.228.103
983,Enrika,Mickleborough,emickleboroughra@earthlink.net,Agender,227.28.149.75
984,Mari,Purvis,mpurvisrb@trellian.com,Female,209.53.62.46
985,Christye,Faunch,cfaunchrc@comsenz.com,Female,181.200.190.188
986,Lindsey,Schulze,lschulzerd@gnu.org,Female,248.143.217.155
987,Dre,Folbigg,dfolbiggre@ihg.com,Female,157.39.20.195
988,Gloriane,Percy,gpercyrf@usgs.gov,Female,42.193.99.140
989,Neils,Hurles,nhurlesrg@weibo.com,Male,110.107.56.29
990,Peyter,Pennycock,ppennycockrh@php.net,Genderqueer,173.201.202.42
991,Nani,Harg,nhargri@yelp.com,Female,253.144.84.115
992,Bridie,Twomey,btwomeyrj@admin.ch,Female,4.33.198.247
993,Aileen,Worge,aworgerk@example.com,Female,109.86.97.246
994,Pace,Blything,pblythingrl@infoseek.co.jp,Male,252.217.189.41
995,Brion,Asker,baskerrm@aboutads.info,Male,50.213.31.248
996,Aleta,Kikke,akikkern@rakuten.co.jp,Female,37.200.29.239
997,Dick,Torregiani,dtorregianiro@irs.gov,Male,139.211.118.62
998,Alisander,Gilluley,agilluleyrp@virginia.edu,Male,246.68.125.194
999,Irwin,Forrington,iforringtonrq@friendfeed.com,Genderqueer,156.23.105.225
1000,Dewie,Simonin,dsimoninrr@friendfeed.com,Male,7.175.63.138
